"","name","syllable.duration","syllable.start","syllable.end","mean.amplitude","mean.pitch","mean.FM","mean.AM.2","mean.entropy","mean.pitch.goodness","mean.mean.freq","var.pitch","var.FM","var.entropy","var.pitch.goodness","var.mean.freq","var.AM","month","day","hour","minute","second","cluster","file.name","comments"
"1","-","94.7846","422.041",516.8256,"35.5","612","15.9","-0.0007","-3.16","499.4","2202","560000","494","0.582027","69600","53000","0.00617","12","20","8","14","42","0","Yellow119_December_20_2013_29664384.wav","comments"
"2","-","51.8821","797.188",849.0701,"29.8","512","32.7","-0.00206","-2.09","412.2","2509","461000","584","0.122839","68100","699000","0.00639","12","20","8","14","42","0","Yellow119_December_20_2013_29664384.wav","comments"
"3","-","46.8934","1150.39",1197.2834,"28.1","551","21.5","-0.00242","-1.65","303.6","1895","504000","451","0.0532003","27900","844000","0.00533","12","20","8","14","42","0","Yellow119_December_20_2013_29664384.wav","comments"
"4","-","44.898","1442.72",1487.618,"29.1","537","28.1","-0.00218","-2.1","447.8","2079","521000","601","0.253646","60400","930000","0.00465","12","20","8","14","42","0","Yellow119_December_20_2013_29664384.wav","comments"
"5","-","40.907","1797.91",1838.817,"28.4","525","25","-0.00185","-2.05","412.6","1939","466000","439","0.173276","55900","800000","0.00474","12","20","8","14","42","0","Yellow119_December_20_2013_29664384.wav","comments"
"6","-","47.8912","2076.28",2124.1712,"30.2","537","28.1","-0.00147","-2.7","233.9","1929","689000","522","0.372338","16600","936000","0.00638","12","20","8","14","42","0","Yellow119_December_20_2013_29664384.wav","comments"
"7","-","47.8912","2287.8",2335.6912,"30.3","537","21.3","-0.00187","-2.65","464.3","2089","637000","491","0.397659","83000","478000","0.00478","12","20","8","14","42","0","Yellow119_December_20_2013_29664384.wav","comments"
"8","-","51.8821","2431.47",2483.3521,"30.8","537","25.8","-0.00252","-2.54","379.4","2172","503000","601","0.339818","57900","529000","0.00568","12","20","8","14","42","0","Yellow119_December_20_2013_29664384.wav","comments"
"9","-","52.8798","2544.22",2597.0998,"31.4","537","23.3","-0.0013","-2.91","358.3","2082","459000","485","0.305324","26400","705000","0.00352","12","20","8","14","42","0","Yellow119_December_20_2013_29664384.wav","comments"
"10","-","90.7936","2628.03",2718.8236,"40.6","612","41.6","-0.00071","-2.32","340.4","2566","1365000","560","0.193593","64900","764000","0.00494","12","20","8","14","42","0","Yellow119_December_20_2013_29664384.wav","comments"
"11","-","67.8458","2747.76",2815.6058,"38.4","700","54.5","-0.00132","-2.53","358.1","2706","1329000","530","0.857494","49400","712000","0.00545","12","20","8","14","42","0","Yellow119_December_20_2013_29664384.wav","comments"
"12","-","135.692","2831.56",2967.252,"41.6","760","44.6","-0.0011","-1.87","381.7","2908","1144000","662","0.331267","57300","125000","0.00133","12","20","8","14","42","0","Yellow119_December_20_2013_29664384.wav","comments"
"13","-","83.8095","2992.2",3076.0095,"45.1","565","26.5","-0.00067","-4.22","338.1","3133","2018000","796","0.815668","62300","195000","0.00695","12","20","8","14","42","0","Yellow119_December_20_2013_29664384.wav","comments"
"14","-","200.544","3076.01",3276.554,"41.4","1102","45.3","-0.00146","-2.86","188.5","3355","7401000","698","1.80131","15300","264000","0.00109","12","20","8","14","42","0","Yellow119_December_20_2013_29664384.wav","comments"
"15","-","53.8776","3567.89",3621.7676,"31.4","525","23.6","-0.0007","-2.49","415.5","2079","285000","274","0.471799","39100","830000","0.00452","12","20","8","14","42","0","Yellow119_December_20_2013_29664384.wav","comments"
"16","-","93.7868","3653.7",3747.4868,"41.7","595","38.5","-0.00088","-2.44","285.4","2587","1190000","647","0.299738","34600","750000","0.00489","12","20","8","14","42","0","Yellow119_December_20_2013_29664384.wav","comments"
"17","-","71.8367","3772.43",3844.2667,"40.3","689","51.1","-0.00039","-2.5","342.1","2745","1240000","573","0.929523","45500","605000","0.00535","12","20","8","14","42","0","Yellow119_December_20_2013_29664384.wav","comments"
"18","-","135.692","3860.23",3995.922,"42.1","735","42.5","-0.00077","-1.81","362.2","3084","959000","635","0.324428","64400","200000","0.0014","12","20","8","14","42","0","Yellow119_December_20_2013_29664384.wav","comments"
"19","-","84.8073","4019.86",4104.6673,"45","1102","24.9","-0.00031","-4.22","283.3","3007","1881000","725","0.774616","39300","214000","0.00476","12","20","8","14","42","0","Yellow119_December_20_2013_29664384.wav","comments"
"20","-","203.537","4104.67",4308.207,"42.1","918","43.7","-0.00095","-2.82","197.6","3255","6288000","723","1.76229","18300","275000","0.00108","12","20","8","14","42","0","Yellow119_December_20_2013_29664384.wav","comments"
"21","-","52.8798","4741.22",4794.0998,"31.1","525","26.6","-0.00228","-2.43","450.1","2419","355000","425","0.44511","85600","745000","0.0047","12","20","8","14","42","0","Yellow119_December_20_2013_29664384.wav","comments"
"22","-","94.7846","4825.03",4919.8146,"42.7","668","41.8","-0.00064","-2.46","342.5","2738","1777000","551","0.231504","109400","720000","0.00505","12","20","8","14","42","0","Yellow119_December_20_2013_29664384.wav","comments"
"23","-","71.8367","4940.77",5012.6067,"40.2","689","57.9","-0.00047","-2.77","421.5","2863","2206000","387","0.736827","141400","957000","0.00585","12","20","8","14","42","0","Yellow119_December_20_2013_29664384.wav","comments"
"24","-","141.678","5028.57",5170.248,"41.6","760","42","-0.0007","-1.89","379","3084","1173000","714","0.326197","77600","85000","0.00128","12","20","8","14","42","0","Yellow119_December_20_2013_29664384.wav","comments"
"25","-","83.8095","5195.19",5278.9995,"45.5","1050","26","-0.0009","-4.36","208.4","3067","1334000","799","0.971639","8400","219000","0.00292","12","20","8","14","42","0","Yellow119_December_20_2013_29664384.wav","comments"
"26","-","203.537","5276.01",5479.547,"42.9","1050","47.2","-0.0014","-2.88","205.3","3272","7240000","686","1.6333","21100","285000","0.00103","12","20","8","14","42","0","Yellow119_December_20_2013_29664384.wav","comments"
"27","-","48.8889","6020.32",6069.2089,"30.7","551","39.2","-0.0022","-2.42","345.9","2303","1336000","495","0.454331","72000","791000","0.005","12","20","8","14","42","0","Yellow119_December_20_2013_29664384.wav","comments"
"28","-","58.8662","6121.09",6179.9562,"33.4","537","30.3","-0.00132","-3.16","322.3","2175","821000","447","0.458917","36000","736000","0.00473","12","20","8","14","42","0","Yellow119_December_20_2013_29664384.wav","comments"
"29","-","95.7823","6203.9",6299.6823,"42.1","612","39.9","-0.00031","-2.34","296.7","2591","677000","653","0.221486","40200","715000","0.00484","12","20","8","14","42","0","Yellow119_December_20_2013_29664384.wav","comments"
"30","-","71.8367","6319.64",6391.4767,"39.4","668","51","-0.00048","-2.77","347.4","2788","2050000","501","1.00215","71800","957000","0.00535","12","20","8","14","42","0","Yellow119_December_20_2013_29664384.wav","comments"
"31","-","136.689","6407.44",6544.129,"42.2","760","47","-0.00076","-1.97","297.6","3158","1018000","544","0.299466","29100","88000","0.00154","12","20","8","14","42","0","Yellow119_December_20_2013_29664384.wav","comments"
"32","-","84.8073","6568.07",6652.8773,"46","1050","24.6","0.00026","-4.57","246.1","2968","1838000","724","0.763735","25600","250000","0.00285","12","20","8","14","42","0","Yellow119_December_20_2013_29664384.wav","comments"
"33","-","200.544","6653.88",6854.424,"42.1","1509","45.6","-0.00165","-3","194","3269","8624000","737","1.83701","19800","271000","0.00125","12","20","8","14","42","0","Yellow119_December_20_2013_29664384.wav","comments"
"34","-","59.8639","7456.05",7515.9139,"33.5","648","28.3","-0.00101","-2.08","409.1","1906","639000","702","0.155396","66000","881000","0.0061","12","20","8","14","42","0","Yellow119_December_20_2013_29664384.wav","comments"
"35","-","54.8753","7588.75",7643.6253,"32.3","537","27.5","-0.00116","-2.82","439.6","2206","562000","541","0.52678","60600","603000","0.00433","12","20","8","14","42","0","Yellow119_December_20_2013_29664384.wav","comments"
"36","-","92.7891","7676.55",7769.3391,"40.9","630","43.2","-0.00074","-2.53","301.6","2627","984000","475","0.318403","56100","717000","0.00489","12","20","8","14","42","0","Yellow119_December_20_2013_29664384.wav","comments"
"37","-","68.8435","7796.28",7865.1235,"39","612","48.9","-0.00126","-2.51","343","2799","1595000","626","0.758868","53700","602000","0.00514","12","20","8","14","42","0","Yellow119_December_20_2013_29664384.wav","comments"
"38","-","136.689","7880.09",8016.779,"41.2","747","43.2","-0.00118","-1.97","338.1","3000","960000","521","0.37634","54300","213000","0.00191","12","20","8","14","42","0","Yellow119_December_20_2013_29664384.wav","comments"
"39","-","81.8141","8043.72",8125.5341,"45","1002","25.9","-0.00109","-4.51","186.8","3077","1824000","678","0.905917","8200","246000","0.00308","12","20","8","14","42","0","Yellow119_December_20_2013_29664384.wav","comments"
"40","-","202.54","8127.53",8330.07,"42.6","1131","45.5","-0.00149","-2.83","192.5","3260","7492000","635","1.82567","16600","282000","0.00103","12","20","8","14","42","0","Yellow119_December_20_2013_29664384.wav","comments"
"41","-","55.873","8650.34",8706.213,"32.2","551","30.2","-0.00144","-2.63","440.3","2126","454000","591","0.4521","87400","740000","0.00481","12","20","8","14","42","0","Yellow119_December_20_2013_29664384.wav","comments"
"42","-","96.78","8737.14",8833.92,"41.7","565","43.8","-0.00115","-2.45","362.7","2650","762000","573","0.267841","75200","708000","0.00458","12","20","8","14","42","0","Yellow119_December_20_2013_29664384.wav","comments"
"43","-","71.8367","8854.88",8926.7167,"39.4","648","53.4","-0.00045","-2.57","364.4","2935","3683000","463","0.950996","65200","957000","0.00535","12","20","8","14","42","0","Yellow119_December_20_2013_29664384.wav","comments"
"44","-","136.689","8943.67",9080.359,"42.4","760","44.4","-0.00092","-1.98","318.2","3020","1042000","653","0.370081","47500","80000","0.00147","12","20","8","14","42","0","Yellow119_December_20_2013_29664384.wav","comments"
"45","-","83.8095","9105.31",9189.1195,"45.7","587","26.3","-0.00038","-4.45","252.6","3093","2355000","903","0.808296","39700","207000","0.00268","12","20","8","14","42","0","Yellow119_December_20_2013_29664384.wav","comments"
"46","-","204.535","9191.11",9395.645,"42.6","1297","46.9","-0.00199","-3.01","192.3","3209","7691000","622","1.6293","19200","274000","0.00107","12","20","8","14","42","0","Yellow119_December_20_2013_29664384.wav","comments"
"47","-","48.8889","10257.7",10306.5889,"29","525","27.1","-0.00246","-1.8","456","2195","424000","482","0.0915058","82500","750000","0.00416","12","20","8","14","42","0","Yellow119_December_20_2013_29664384.wav","comments"
"48","-","49.8866","10374.4",10424.2866,"29.4","537","30.6","-0.00227","-1.77","493.5","2213","535000","542","0.133742","110000","775000","0.0053","12","20","8","14","42","0","Yellow119_December_20_2013_29664384.wav","comments"
"49","-","94.7846","10460.2",10554.9846,"41.5","580","40.8","-0.00071","-1.79","322.3","2454","595000","616","0.314066","54600","752000","0.00494","12","20","8","14","42","0","Yellow119_December_20_2013_29664384.wav","comments"
"50","-","69.8413","10578",10647.8413,"38","648","49.7","-0.00185","-2.17","392.7","2574","798000","482","0.8465","80500","485000","0.00514","12","20","8","14","42","0","Yellow119_December_20_2013_29664384.wav","comments"
"51","-","134.694","10666.8",10801.494,"41.4","735","42.8","-0.00099","-1.61","313.9","2889","1031000","652","0.29744","40500","218000","0.0018","12","20","8","14","42","0","Yellow119_December_20_2013_29664384.wav","comments"
"52","-","82.8118","10828.4",10911.2118,"44.9","1102","25.2","-0.00047","-4.25","232.1","3117","1897000","786","0.792709","14300","185000","0.00679","12","20","8","14","42","0","Yellow119_December_20_2013_29664384.wav","comments"
"53","-","202.54","10913.2",11115.74,"41.8","1002","44.8","-0.00125","-2.82","202.4","3230","6569000","719","2.08266","23200","277000","0.00099","12","20","8","14","42","0","Yellow119_December_20_2013_29664384.wav","comments"
"54","-","100.771","12070.6",12171.371,"37.8","648","19.8","-0.00066","-3.05","563.2","2001","589000","579","0.335059","81100","709000","0.0072","12","20","8","14","42","0","Yellow119_December_20_2013_29664384.wav","comments"
"55","-","60.8617","12259.1",12319.9617,"33.5","537","32.5","-0.00103","-2.73","431","2376","542000","615","0.788204","63600","745000","0.00525","12","20","8","14","42","0","Yellow119_December_20_2013_29664384.wav","comments"
"56","-","95.7823","12354.9",12450.6823,"42.1","612","47.1","-0.00062","-2.38","346.6","2622","870000","699","0.247728","55100","294000","0.00484","12","20","8","14","42","0","Yellow119_December_20_2013_29664384.wav","comments"
"57","-","80.8163","12466.7",12547.5163,"40.1","711","48.2","0.00013","-2.54","242","2779","2499000","496","0.741356","30700","962000","0.00512","12","20","8","14","42","0","Yellow119_December_20_2013_29664384.wav","comments"
"58","-","138.685","12561.5",12700.185,"42.1","760","45.5","-0.00051","-1.83","304","2901","1633000","709","0.291981","42500","79000","0.00137","12","20","8","14","42","0","Yellow119_December_20_2013_29664384.wav","comments"
"59","-","87.8005","12724.1",12811.9005,"45.2","918","27.1","-0.00044","-4.51","173","3018","2136000","723","1.02449","8000","255000","0.00674","12","20","8","14","42","0","Yellow119_December_20_2013_29664384.wav","comments"
"60","-","202.54","12811.9",13014.44,"43.5","1160","47.5","-0.00158","-3.03","212.5","3278","7401000","662","1.73536","19700","273000","0.00079","12","20","8","14","42","0","Yellow119_December_20_2013_29664384.wav","comments"
"61","-","66.8481","13707.8",13774.6481,"33.9","630","31.8","-0.00055","-2.27","465.3","1780","682000","813","0.201621","82600","876000","0.00615","12","20","8","14","42","0","Yellow119_December_20_2013_29664384.wav","comments"
"62","-","61.8594","13818.6",13880.4594,"33.4","668","39.1","-0.00109","-2.27","385.3","1934","1074000","688","0.157342","114600","583000","0.006","12","20","8","14","42","0","Yellow119_December_20_2013_29664384.wav","comments"
"63","-","52.8798","14051.1",14103.9798,"31.7","537","33.3","-0.00213","-2.55","316.5","2185","833000","511","0.500627","45000","862000","0.00627","12","20","8","14","42","0","Yellow119_December_20_2013_29664384.wav","comments"
"64","-","95.7823","14134.9",14230.6823,"42.5","639","42.6","-0.00043","-2.57","306.6","2608","1352000","562","0.300928","54300","702000","0.00478","12","20","8","14","42","0","Yellow119_December_20_2013_29664384.wav","comments"
"65","-","72.8345","14250.6",14323.4345,"38","678","46","-0.00134","-2.52","365.3","2613","1251000","547","0.80189","89000","666000","0.00513","12","20","8","14","42","0","Yellow119_December_20_2013_29664384.wav","comments"
"66","-","138.685","14340.4",14479.085,"41.7","760","44.1","-0.00137","-1.97","339.3","3171","956000","612","0.341505","48400","197000","0.00138","12","20","8","14","42","0","Yellow119_December_20_2013_29664384.wav","comments"
"67","-","82.8118","14506",14588.8118,"45.5","1102","25.3","-0.00048","-4.54","190.5","3126","2770000","698","0.821114","9700","219000","0.00292","12","20","8","14","42","0","Yellow119_December_20_2013_29664384.wav","comments"
"68","-","202.54","14590.8",14793.34,"43.4","1160","49.5","-0.00185","-2.84","219.8","3337","7122000","622","1.99394","25100","277000","0.00089","12","20","8","14","42","0","Yellow119_December_20_2013_29664384.wav","comments"
"69","-","90.7936","486.893",577.6866,"34.9","648","21","-0.0003","-2.76","475.8","2124","755000","686","0.540844","94500","766000","0.00755","12","20","8","14","50","0","Yellow119_December_20_2013_29684562.wav","comments"
"70","-","55.873","663.492",719.365,"30.2","525","34","-0.00167","-2.24","283.4","2091","711000","538","0.198654","50300","709000","0.00509","12","20","8","14","50","0","Yellow119_December_20_2013_29684562.wav","comments"
"71","-","58.8662","772.245",831.1112,"30.8","551","33.1","-0.00117","-2.61","396","2015","688000","891","0.48787","73000","754000","0.00666","12","20","8","14","50","0","Yellow119_December_20_2013_29684562.wav","comments"
"72","-","102.766","868.027",970.793,"40.4","630","41.5","-0.0009","-2.41","353.8","2545","1120000","475","0.312679","102500","754000","0.0049","12","20","8","14","50","0","Yellow119_December_20_2013_29684562.wav","comments"
"73","-","74.8299","990.748",1065.5779,"39.8","648","46","-0.00053","-2.42","292.5","2647","1321000","609","0.689423","52100","527000","0.00554","12","20","8","14","50","0","Yellow119_December_20_2013_29684562.wav","comments"
"74","-","139.683","1079.55",1219.233,"39.9","760","44.6","-0.00107","-1.81","361.4","2942","996000","652","0.352579","65300","717000","0.00144","12","20","8","14","50","0","Yellow119_December_20_2013_29684562.wav","comments"
"75","-","84.8073","1247.17",1331.9773,"45.9","1050","24.5","0.00042","-4.69","203.3","3057","2241000","787","0.974887","12500","180000","0.00253","12","20","8","14","50","0","Yellow119_December_20_2013_29684562.wav","comments"
"76","-","201.542","1333.97",1535.512,"39.7","1225","46.2","-0.00145","-2.8","178.5","3473","7530000","639","1.4838","12300","258000","0.00263","12","20","8","14","50","0","Yellow119_December_20_2013_29684562.wav","comments"
"77","-","72.8345","1760",1832.8345,"36.3","648","40.9","9e-05","-1.64","428","2340","1023000","776","0.14455","159200","746000","0.00605","12","20","8","14","50","0","Yellow119_December_20_2013_29684562.wav","comments"
"78","-","58.8662","1930.61",1989.4762,"32.7","551","26","-0.00196","-3.13","343.9","2167","500000","608","0.811999","30900","842000","0.00491","12","20","8","14","50","0","Yellow119_December_20_2013_29684562.wav","comments"
"79","-","95.7823","2015.42",2111.2023,"41.7","595","42.7","-0.0004","-2.44","379","2660","979000","588","0.215953","74200","734000","0.005","12","20","8","14","50","0","Yellow119_December_20_2013_29684562.wav","comments"
"80","-","73.8322","2134.15",2207.9822,"38.7","678","55.1","0.00011","-2.71","353","2766","1860000","517","0.809942","75400","958000","0.00555","12","20","8","14","50","0","Yellow119_December_20_2013_29684562.wav","comments"
"81","-","141.678","2221.95",2363.628,"41.4","735","43.2","-0.00118","-1.76","329.5","2851","1013000","669","0.275541","54000","709000","0.00141","12","20","8","14","50","0","Yellow119_December_20_2013_29684562.wav","comments"
"82","-","84.8073","2389.57",2474.3773,"47.4","1050","25.9","0","-4.57","207.9","3106","2326000","844","1.10429","11100","190000","0.00702","12","20","8","14","50","0","Yellow119_December_20_2013_29684562.wav","comments"
"83","-","209.524","2474.38",2683.904,"42.9","1102","44.3","-0.00159","-2.94","188.5","3379","7490000","699","1.70262","18900","282000","0.0011","12","20","8","14","50","0","Yellow119_December_20_2013_29684562.wav","comments"
"84","-","106.757","1842.81",1949.567,"36.7","630","17.9","3e-05","-2.71","565.6","2084","967000","584","0.648363","92200","38000","0.00761","12","20","8","15","6","0","Yellow119_December_20_2013_29691843.wav","comments"
"85","-","100.771","2164.08",2264.851,"36.8","668","18.2","4e-05","-3.03","530.3","2047","835000","649","0.542403","93800","808000","0.00787","12","20","8","15","6","0","Yellow119_December_20_2013_29691843.wav","comments"
"86","-","55.873","2369.61",2425.483,"30.9","551","34.9","-0.00191","-2.39","402.7","2179","345000","681","0.816742","76600","870000","0.00555","12","20","8","15","6","0","Yellow119_December_20_2013_29691843.wav","comments"
"87","-","63.8549","2484.35",2548.2049,"30.6","525","30.1","-0.0011","-2.31","325.4","2276","732000","629","0.374383","28800","758000","0.00596","12","20","8","15","6","0","Yellow119_December_20_2013_29691843.wav","comments"
"88","-","67.8458","2610.07",2677.9158,"32.5","537","33.2","-0.00108","-2.72","377.8","2359","493000","618","0.600808","71400","716000","0.00507","12","20","8","15","6","0","Yellow119_December_20_2013_29691843.wav","comments"
"89","-","98.7755","2697.87",2796.6455,"42.4","595","42.3","-0.00106","-2.21","364.7","2547","891000","714","0.217457","69300","402000","0.00659","12","20","8","15","6","0","Yellow119_December_20_2013_29691843.wav","comments"
"90","-","80.8163","2813.61",2894.4263,"38.7","678","55.4","-0.0002","-2.67","300.3","2589","1328000","515","1.04974","36700","600000","0.0055","12","20","8","15","6","0","Yellow119_December_20_2013_29691843.wav","comments"
"91","-","139.683","2906.39",3046.073,"41.9","735","44.1","-0.00086","-1.87","302.3","3123","1055000","580","0.277654","39000","115000","0.00137","12","20","8","15","6","0","Yellow119_December_20_2013_29691843.wav","comments"
"92","-","84.8073","3070.02",3154.8273,"45.4","1102","28.5","0.0006","-4.28","288","3051","2089000","863","0.855722","49000","228000","0.00313","12","20","8","15","6","0","Yellow119_December_20_2013_29691843.wav","comments"
"93","-","209.524","3153.83",3363.354,"42.8","1225","48.4","-0.00163","-3.13","199","3277","7331000","585","1.69466","17300","291000","0.00133","12","20","8","15","6","0","Yellow119_December_20_2013_29691843.wav","comments"
"94","-","60.8617","3555.92",3616.7817,"33.7","537","37.5","-0.0015","-2.97","322.8","2345","969000","607","0.828313","63500","915000","0.00474","12","20","8","15","6","0","Yellow119_December_20_2013_29691843.wav","comments"
"95","-","100.771","3643.72",3744.491,"42.9","621","45.9","-0.00092","-2.23","374.7","2556","752000","728","0.288941","91000","639000","0.0067","12","20","8","15","6","0","Yellow119_December_20_2013_29691843.wav","comments"
"96","-","75.8277","3760.45",3836.2777,"38.9","689","56.2","0.00024","-2.4","362.5","2686","1760000","426","1.08069","106800","546000","0.00613","12","20","8","15","6","0","Yellow119_December_20_2013_29691843.wav","comments"
"97","-","139.683","3852.24",3991.923,"42.6","711","47.8","-0.00052","-1.69","386.4","3066","1196000","594","0.192649","78800","100000","0.00165","12","20","8","15","6","0","Yellow119_December_20_2013_29691843.wav","comments"
"98","-","84.8073","4013.88",4098.6873,"46.7","1102","22.6","0.00071","-4.57","193.8","2998","2026000","758","0.833212","10700","277000","0.00626","12","20","8","15","6","0","Yellow119_December_20_2013_29691843.wav","comments"
"99","-","211.519","4100.68",4312.199,"43.9","1102","47.4","-0.00159","-2.98","219.2","3319","7231000","555","1.63855","25700","274000","0.00099","12","20","8","15","6","0","Yellow119_December_20_2013_29691843.wav","comments"
"100","-","49.8866","4948.75",4998.6366,"30.7","551","42.9","-0.0012","-2.11","415","2272","1051000","582","0.180604","112800","729000","0.00479","12","20","8","15","6","0","Yellow119_December_20_2013_29691843.wav","comments"
"101","-","59.8639","5071.47",5131.3339,"31.2","512","25.6","-0.00084","-2.68","315.7","2209","784000","470","0.309722","39700","741000","0.00517","12","20","8","15","6","0","Yellow119_December_20_2013_29691843.wav","comments"
"102","-","93.7868","5160.27",5254.0568,"43","595","40.7","-0.00039","-2.29","325.6","2586","909000","713","0.302994","53100","717000","0.00489","12","20","8","15","6","0","Yellow119_December_20_2013_29691843.wav","comments"
"103","-","79.8186","5273.02",5352.8386,"38.6","648","55.2","0.00021","-2.66","348.4","2602","1454000","469","0.81489","74200","518000","0.00569","12","20","8","15","6","0","Yellow119_December_20_2013_29691843.wav","comments"
"104","-","141.678","5368.8",5510.478,"42.7","648","42.7","-0.00062","-1.77","343","3072","721000","668","0.298637","63100","628000","0.00135","12","20","8","15","6","0","Yellow119_December_20_2013_29691843.wav","comments"
"105","-","86.8027","5532.43",5619.2327,"45.6","1102","25","-0.00037","-4.57","203.5","3005","2101000","758","1.00102","10800","223000","0.00682","12","20","8","15","6","0","Yellow119_December_20_2013_29691843.wav","comments"
"106","-","206.531","5619.23",5825.761,"42.8","1160","49.8","-0.00106","-2.82","205.9","3286","8119000","676","1.65525","19500","281000","0.00135","12","20","8","15","6","0","Yellow119_December_20_2013_29691843.wav","comments"
"107","-","69.8413","6436.37",6506.2113,"36.9","630","37.6","-0.00077","-2.13","635.5","2094","1160000","878","0.245144","257800","867000","0.00573","12","20","8","15","6","0","Yellow119_December_20_2013_29691843.wav","comments"
"108","-","59.8639","6594.01",6653.8739,"32.7","565","36.7","-0.00069","-2.93","310.8","2230","1190000","463","0.497476","48200","844000","0.00465","12","20","8","15","6","0","Yellow119_December_20_2013_29691843.wav","comments"
"109","-","97.7778","6679.82",6777.5978,"42.5","630","42.5","-0.00094","-2.31","333","2591","1408000","753","0.259302","56600","731000","0.00515","12","20","8","15","6","0","Yellow119_December_20_2013_29691843.wav","comments"
"110","-","75.8277","6800.54",6876.3677,"40.2","621","52.8","0.00011","-2.48","261.3","2822","2104000","516","0.922221","34300","945000","0.00527","12","20","8","15","6","0","Yellow119_December_20_2013_29691843.wav","comments"
"111","-","139.683","6892.34",7032.023,"42.8","735","46.2","-0.00103","-1.76","339.2","3024","1129000","667","0.171224","49100","71000","0.00136","12","20","8","15","6","0","Yellow119_December_20_2013_29691843.wav","comments"
"112","-","83.8095","7056.96",7140.7695,"44.2","1102","33.1","-2e-05","-4.32","275.2","2829","2165000","651","0.667646","38600","243000","0.00682","12","20","8","15","6","0","Yellow119_December_20_2013_29691843.wav","comments"
"113","-","205.533","7139.77",7345.303,"42.5","1160","48.8","-0.0015","-2.89","202.1","3157","7258000","642","1.5748","20200","273000","0.00117","12","20","8","15","6","0","Yellow119_December_20_2013_29691843.wav","comments"
"114","-","56.8707","8039.73",8096.6007,"30.7","525","36.2","-0.00054","-2.22","360.8","2457","724000","428","0.211176","70900","321000","0.00464","12","20","8","15","6","0","Yellow119_December_20_2013_29691843.wav","comments"
"115","-","96.78","8137.51",8234.29,"41.3","580","38.8","-0.00064","-2.41","358.1","2549","1116000","734","0.456905","95800","718000","0.00343","12","20","8","15","6","0","Yellow119_December_20_2013_29691843.wav","comments"
"116","-","76.8254","8257.23",8334.0554,"38.1","668","49.7","-0.0008","-2.55","329.4","2668","1262000","533","0.765671","58300","613000","0.00519","12","20","8","15","6","0","Yellow119_December_20_2013_29691843.wav","comments"
"117","-","139.683","8345.03",8484.713,"41.8","787","44.6","-0.00076","-2","308.7","3118","1001000","609","0.360254","43800","108000","0.00181","12","20","8","15","6","0","Yellow119_December_20_2013_29691843.wav","comments"
"118","-","84.8073","8511.66",8596.4673,"43.9","1102","29","-0.00087","-4.38","200.4","3030","2460000","850","0.97058","9900","190000","0.00261","12","20","8","15","6","0","Yellow119_December_20_2013_29691843.wav","comments"
"119","-","202.54","8598.46",8801,"41.5","1102","47.6","-0.00156","-2.82","182.3","3443","8141000","659","1.78612","15100","272000","0.00133","12","20","8","15","6","0","Yellow119_December_20_2013_29691843.wav","comments"
"120","-","63.8549","10056.1",10119.9549,"33.9","648","37.8","-0.00128","-2.03","357.9","2039","1025000","704","0.0885649","51600","580000","0.00612","12","20","8","15","6","0","Yellow119_December_20_2013_29691843.wav","comments"
"121","-","64.8526","10154.9",10219.7526,"36.3","612","39.5","-0.00013","-1.63","352","2337","1230000","640","0.114388","135100","828000","0.0064","12","20","8","15","6","0","Yellow119_December_20_2013_29691843.wav","comments"
"122","-","103.764","10315.6",10419.364,"39.5","648","24.4","0.00036","-2.38","517.4","2423","1003000","615","0.427072","113700","941000","0.00786","12","20","8","15","6","0","Yellow119_December_20_2013_29691843.wav","comments"
"123","-","61.8594","10508.1",10569.9594,"34.5","551","36.2","-0.00132","-2.73","367.1","2374","814000","710","1.15702","75700","116000","0.0055","12","20","8","15","6","0","Yellow119_December_20_2013_29691843.wav","comments"
"124","-","99.7732","10598.9",10698.6732,"42.6","648","42.7","-0.0008","-2.29","361.4","2470","904000","719","0.260932","94400","686000","0.00666","12","20","8","15","6","0","Yellow119_December_20_2013_29691843.wav","comments"
"125","-","78.8209","10714.6",10793.4209,"40.3","648","54.2","8e-05","-2.25","317.2","2602","1598000","471","0.958492","45800","480000","0.00558","12","20","8","15","6","0","Yellow119_December_20_2013_29691843.wav","comments"
"126","-","138.685","10806.4",10945.085,"42.4","760","47.4","-0.00087","-2.2","327.4","2952","1345000","687","0.360057","51800","173000","0.00152","12","20","8","15","6","0","Yellow119_December_20_2013_29691843.wav","comments"
"127","-","86.8027","10969.1",11055.9027,"44.1","1102","29.7","0.00087","-4.44","206.7","2624","2311000","840","0.893743","10900","247000","0.00447","12","20","8","15","6","0","Yellow119_December_20_2013_29691843.wav","comments"
"128","-","203.537","11054.9",11258.437,"43.4","882","47.1","-0.00185","-2.97","218.8","3322","6797000","620","1.4948","22200","275000","0.00147","12","20","8","15","6","0","Yellow119_December_20_2013_29691843.wav","comments"
"129","-","66.8481","11542.8",11609.6481,"36.7","603","40.5","-0.00022","-1.8","494.1","2158","986000","734","0.271672","188700","803000","0.00651","12","20","8","15","6","0","Yellow119_December_20_2013_29691843.wav","comments"
"130","-","57.8685","11684.4",11742.2685,"33.3","565","39.7","-0.00123","-3.03","236.9","2290","1350000","525","1.54339","35500","857000","0.005","12","20","8","15","6","0","Yellow119_December_20_2013_29691843.wav","comments"
"131","-","101.769","11769.3",11871.069,"41.1","587","42","-0.00063","-2.2","336.1","2406","969000","588","0.303265","52000","740000","0.00449","12","20","8","15","6","0","Yellow119_December_20_2013_29691843.wav","comments"
"132","-","76.8254","11891",11967.8254,"38.8","689","55.4","-0.00064","-2.48","339.5","2536","1678000","404","0.748891","58300","693000","0.00533","12","20","8","15","6","0","Yellow119_December_20_2013_29691843.wav","comments"
"133","-","140.68","11982.8",12123.48,"41.7","747","47.5","-0.00036","-1.79","318.3","3208","1484000","645","0.295033","31300","235000","0.00192","12","20","8","15","6","0","Yellow119_December_20_2013_29691843.wav","comments"
"134","-","85.805","12145.4",12231.205,"46.1","1102","23.1","0.00035","-4.64","200.8","2965","1531000","814","1.00876","11500","690000","0.00678","12","20","8","15","6","0","Yellow119_December_20_2013_29691843.wav","comments"
"135","-","206.531","12233.2",12439.731,"44.4","1225","43.8","-0.00187","-2.98","213.3","3309","7613000","646","1.6773","24600","273000","0.00112","12","20","8","15","6","0","Yellow119_December_20_2013_29691843.wav","comments"
"136","-","98.7755","12267.1",12365.8755,"35","630","16.3","-0.00053","-3.02","496.5","2319","687000","650","0.657703","60900","927000","0.00494","12","20","8","16","6","0","Yellow119_December_20_2013_29745682.wav","comments"
"137","-","42.9025","12513.6",12556.5025,"28.3","531","32.7","-0.00208","-1.5","414.6","2233","398000","635","0.14242","72600","857000","0.00428","12","20","8","16","6","0","Yellow119_December_20_2013_29745682.wav","comments"
"138","-","47.8912","12851.8",12899.6912,"28.1","525","28.6","-0.00142","-1.74","340.5","1931","521000","578","0.0962611","31200","276000","0.00446","12","20","8","16","6","0","Yellow119_December_20_2013_29745682.wav","comments"
"139","-","54.8753","13120.2",13175.0753,"29.9","537","25.3","-0.00106","-2.03","493.7","1926","505000","756","0.219414","77700","679000","0.00452","12","20","8","16","6","0","Yellow119_December_20_2013_29745682.wav","comments"
"140","-","57.8685","13220",13277.8685,"29.9","525","30","-0.00133","-2.23","348.3","1949","791000","457","0.278272","66700","875000","0.00535","12","20","8","16","6","0","Yellow119_December_20_2013_29745682.wav","comments"
"141","-","91.7914","13334.7",13426.4914,"37.4","595","41.7","-0.00073","-2.42","453.9","2416","816000","389","0.417654","111700","769000","0.00494","12","20","8","16","6","0","Yellow119_December_20_2013_29745682.wav","comments"
"142","-","75.8277","13448.4",13524.2277,"37.6","711","52.1","0.00011","-2.27","356.2","2713","2464000","471","0.910011","73300","946000","0.006","12","20","8","16","6","0","Yellow119_December_20_2013_29745682.wav","comments"
"143","-","138.685","13537.2",13675.885,"41.6","760","45.4","-0.00102","-1.73","310.9","2981","1180000","715","0.387583","33200","246000","0.00144","12","20","8","16","6","0","Yellow119_December_20_2013_29745682.wav","comments"
"144","-","85.805","13698.9",13784.705,"45.7","1076","22.9","0.0001","-4.36","267.2","2939","1685000","837","0.77835","20300","226000","0.0038","12","20","8","16","6","0","Yellow119_December_20_2013_29745682.wav","comments"
"145","-","199.546","13785.7",13985.246,"41.9","1297","48.3","-0.00154","-2.78","200.3","3289","7682000","597","1.68868","15300","276000","0.0009","12","20","8","16","6","0","Yellow119_December_20_2013_29745682.wav","comments"
"146","-","45.8957","14107.9",14153.7957,"30","565","31.3","-0.00123","-2.78","283.5","2133","1228000","568","0.395511","23500","886000","0.00522","12","20","8","16","6","0","Yellow119_December_20_2013_29745682.wav","comments"
"147","-","89.7959","14211.7",14301.4959,"38.3","630","47.5","-0.00097","-2.21","342","2717","1321000","499","0.287307","78500","727000","0.00375","12","20","8","16","6","0","Yellow119_December_20_2013_29745682.wav","comments"
"148","-","71.8367","14330.4",14402.2367,"39.3","648","49.3","4e-05","-2.29","424.5","2720","1707000","591","0.742967","122000","957000","0.00549","12","20","8","16","6","0","Yellow119_December_20_2013_29745682.wav","comments"
"149","-","139.683","14419.2",14558.883,"41","735","44","-0.00102","-1.84","335.1","3078","1223000","604","0.349454","60400","152000","0.00608","12","20","8","16","6","0","Yellow119_December_20_2013_29745682.wav","comments"
"150","-","82.8118","14582.9",14665.7118,"44.5","1102","22.9","-0.00024","-4.22","242.9","3045","2386000","735","0.74769","20600","231000","0.00304","12","20","8","16","6","0","Yellow119_December_20_2013_29745682.wav","comments"
"151","-","210.522","14664.7",14875.222,"38.9","1160","50.2","-0.00158","-2.87","180.3","3205","7611000","744","1.9442","12800","295000","0.00138","12","20","8","16","6","0","Yellow119_December_20_2013_29745682.wav","comments"
"152","-","55.873","15123.6",15179.473,"33.8","648","41.3","5e-05","-1.69","576.7","2015","942000","781","0.268916","120500","854000","0.00527","12","20","8","16","6","0","Yellow119_December_20_2013_29745682.wav","comments"
"153","-","58.8662","15247.3",15306.1662,"31.5","565","37.4","-0.00083","-2.65","371.2","2216","898000","659","1.10717","49200","827000","0.00517","12","20","8","16","6","0","Yellow119_December_20_2013_29745682.wav","comments"
"154","-","102.766","15331.2",15433.966,"38.8","565","37.2","-0.00052","-2.03","393.1","2631","1280000","476","0.29401","137600","663000","0.00465","12","20","8","16","6","0","Yellow119_December_20_2013_29745682.wav","comments"
"155","-","78.8209","15449.9",15528.7209,"36.2","668","50.1","0.00074","-2.1","302.6","2558","1443000","535","0.952934","46500","896000","0.00532","12","20","8","16","6","0","Yellow119_December_20_2013_29745682.wav","comments"
"156","-","140.68","15539.7",15680.38,"39.4","760","47.1","-0.00048","-1.88","346","2933","1021000","594","0.388704","80300","258000","0.00158","12","20","8","16","6","0","Yellow119_December_20_2013_29745682.wav","comments"
"157","-","86.8027","15705.3",15792.1027,"45.3","1102","29.2","0.00022","-4.54","197.6","2999","2641000","933","1.39249","8700","200000","0.00694","12","20","8","16","6","0","Yellow119_December_20_2013_29745682.wav","comments"
"158","-","207.528","15792.1",15999.628,"39.7","1160","46.5","-0.00183","-2.51","199.7","3278","7196000","622","1.73459","18100","270000","0.00101","12","20","8","16","6","0","Yellow119_December_20_2013_29745682.wav","comments"
"159","-","59.8639","16336.9",16396.7639,"31.9","551","37.8","-0.00071","-2.3","398.5","2571","1190000","573","0.736977","100000","862000","0.00517","12","20","8","16","6","0","Yellow119_December_20_2013_29745682.wav","comments"
"160","-","103.764","16421.7",16525.464,"39.3","565","42.2","9e-05","-2.38","297.3","2563","699000","513","0.376148","57800","696000","0.0048","12","20","8","16","6","0","Yellow119_December_20_2013_29745682.wav","comments"
"161","-","82.8118","16544.4",16627.2118,"35.1","689","47.9","0.00045","-2.38","267.5","3115","3215000","454","0.877885","45300","853000","0.00475","12","20","8","16","6","0","Yellow119_December_20_2013_29745682.wav","comments"
"162","-","141.678","16631.2",16772.878,"40.3","760","46.8","-0.00037","-1.84","303","3034","1222000","665","0.385174","47400","100000","0.0015","12","20","8","16","6","0","Yellow119_December_20_2013_29745682.wav","comments"
"163","-","86.8027","16797.8",16884.6027,"43.6","1050","25.8","0.00016","-4.37","205.6","2944","2922000","769","1.2936","19500","705000","0.00411","12","20","8","16","6","0","Yellow119_December_20_2013_29745682.wav","comments"
"164","-","212.517","16881.6",17094.117,"40.9","1050","50.3","-0.0016","-2.68","222.1","3395","6679000","654","1.82797","20700","289000","0.00094","12","20","8","16","6","0","Yellow119_December_20_2013_29745682.wav","comments"
"165","-","40.907","17488.3",17529.207,"25.9","525","37.7","-0.00157","-1.8","267.6","2071","592000","588","0.0921042","37300","800000","0.00474","12","20","8","16","6","0","Yellow119_December_20_2013_29745682.wav","comments"
"166","-","91.7914","17582",17673.7914,"38.1","648","40.5","-0.00012","-1.95","364.2","2440","1143000","609","0.195756","84800","699000","0.00611","12","20","8","16","6","0","Yellow119_December_20_2013_29745682.wav","comments"
"167","-","82.8118","17693.8",17776.6118,"35.1","648","48.3","1e-05","-2.14","323.1","2834","2360000","548","0.8792","79000","925000","0.00506","12","20","8","16","6","0","Yellow119_December_20_2013_29745682.wav","comments"
"168","-","148.662","17777.6",17926.262,"37.8","747","47.7","-0.00032","-1.72","335.4","3306","3600000","552","0.252259","51500","47000","0.00202","12","20","8","16","6","0","Yellow119_December_20_2013_29745682.wav","comments"
"169","-","87.8005","17949.2",18037.0005,"41.8","1102","23.8","-0.00102","-4.11","215.3","3024","2680000","668","0.748739","13900","724000","0.00413","12","20","8","16","6","0","Yellow119_December_20_2013_29745682.wav","comments"
"170","-","210.522","18035",18245.522,"40.7","1131","44.8","-0.00139","-2.74","222.8","3381","7380000","665","1.75565","27800","276000","0.0009","12","20","8","16","6","0","Yellow119_December_20_2013_29745682.wav","comments"
"171","-","55.873","19378",19433.873,"28.3","551","36.1","-0.00082","-2.02","321","1942","691000","569","0.239496","65100","581000","0.00509","12","20","8","16","6","0","Yellow119_December_20_2013_29745682.wav","comments"
"172","-","57.8685","19483.7",19541.5685,"29.5","551","37.7","-5e-05","-2.34","374.2","2275","689000","593","0.353344","93700","526000","0.00561","12","20","8","16","6","0","Yellow119_December_20_2013_29745682.wav","comments"
"173","-","98.7755","19567.5",19666.2755,"38.9","580","45.8","-0.00032","-2.13","364.7","2479","696000","657","0.285611","81800","714000","0.005","12","20","8","16","6","0","Yellow119_December_20_2013_29745682.wav","comments"
"174","-","79.8186","19684.3",19764.1186,"37.2","668","53","0.00016","-2.09","351.8","2676","1384000","456","0.765446","90300","962000","0.00544","12","20","8","16","6","0","Yellow119_December_20_2013_29745682.wav","comments"
"175","-","153.651","19763.1",19916.751,"39.9","760","47","-0.00039","-1.62","320.2","3570","2430000","516","0.321998","45600","52000","0.0021","12","20","8","16","6","0","Yellow119_December_20_2013_29745682.wav","comments"
"176","-","82.8118","19936.7",20019.5118,"43.6","580","29.5","0.00011","-4.13","311.9","3001","1447000","870","1.14419","51300","296000","0.00444","12","20","8","16","6","0","Yellow119_December_20_2013_29745682.wav","comments"
"177","-","210.522","20019.5",20230.022,"41.2","848","46","-0.00131","-2.62","202.7","3247","6545000","678","1.91642","18400","267000","0.001","12","20","8","16","6","0","Yellow119_December_20_2013_29745682.wav","comments"
"178","-","58.8662","247.438",306.3042,"30.6","537","33.3","-0.00132","-2.68","335.3","2142","1107000","544","0.821616","57600","859000","0.00508","12","20","8","16","20","0","Yellow119_December_20_2013_29765924.wav","comments"
"179","-","95.7823","337.234",433.0163,"40.7","565","43.6","-0.00015","-2.3","323.7","2614","688000","524","0.167831","55900","726000","0.00473","12","20","8","16","20","0","Yellow119_December_20_2013_29765924.wav","comments"
"180","-","82.8118","454.966",537.7778,"36.3","668","48.8","0.00038","-2.31","342.2","3020","3158000","602","0.983492","72700","890000","0.005","12","20","8","16","20","0","Yellow119_December_20_2013_29765924.wav","comments"
"181","-","150.658","535.782",686.44,"39.5","760","44.4","-0.00053","-1.71","319.6","3225","3388000","666","0.394975","60500","60000","0.00201","12","20","8","16","20","0","Yellow119_December_20_2013_29765924.wav","comments"
"182","-","83.8095","709.388",793.1975,"45.3","1102","27.6","0.00028","-4.44","225.7","3054","2204000","758","1.03751","34900","722000","0.00409","12","20","8","16","20","0","Yellow119_December_20_2013_29765924.wav","comments"
"183","-","208.526","795.193",1003.719,"42.2","1225","49","-0.00193","-2.93","217.4","3391","8067000","625","1.79694","24100","270000","0.00135","12","20","8","16","20","0","Yellow119_December_20_2013_29765924.wav","comments"
"184","-","55.873","1109.48",1165.353,"30.9","558","35.6","-0.00181","-2.75","402.8","2184","871000","638","0.885964","62300","851000","0.00481","12","20","8","16","20","0","Yellow119_December_20_2013_29765924.wav","comments"
"185","-","97.7778","1197.28",1295.0578,"40.4","595","42.2","-0.00032","-2.23","404.9","2602","843000","557","0.357989","104500","708000","0.00447","12","20","8","16","20","0","Yellow119_December_20_2013_29765924.wav","comments"
"186","-","75.8277","1315.01",1390.8377,"37.2","565","51.6","2e-05","-2.64","260.9","2513","896000","546","0.767931","37300","527000","0.00594","12","20","8","16","20","0","Yellow119_December_20_2013_29765924.wav","comments"
"187","-","138.685","1406.8",1545.485,"39.8","735","47.6","-0.00024","-1.85","330.9","2834","1347000","590","0.296517","64900","978000","0.00173","12","20","8","16","20","0","Yellow119_December_20_2013_29765924.wav","comments"
"188","-","84.8073","1569.43",1654.2373,"46.5","551","24.3","0.00115","-4.7","169.9","2966","2272000","808","1.57956","8300","192000","0.00409","12","20","8","16","20","0","Yellow119_December_20_2013_29765924.wav","comments"
"189","-","203.537","1659.23",1862.767,"40.3","918","41.8","-0.00158","-2.76","201.2","3333","7275000","659","1.83677","22600","266000","0.00128","12","20","8","16","20","0","Yellow119_December_20_2013_29765924.wav","comments"
"190","-","65.8503","2369.61",2435.4603,"33.4","612","33.4","0.00038","-1.67","464.9","1969","753000","673","0.110105","168700","406000","0.00625","12","20","8","16","20","0","Yellow119_December_20_2013_29765924.wav","comments"
"191","-","71.8367","2480.36",2552.1967,"35.7","595","42.5","0.00023","-1.54","518","2562","834000","549","0.0738031","215200","657000","0.00671","12","20","8","16","20","0","Yellow119_December_20_2013_29765924.wav","comments"
"192","-","56.8707","2640",2696.8707,"31.3","537","31.2","-0.00088","-2.99","300.6","2130","866000","558","0.898745","38700","872000","0.00545","12","20","8","16","20","0","Yellow119_December_20_2013_29765924.wav","comments"
"193","-","101.769","2733.79",2835.559,"39.1","595","46.6","-0.00027","-1.94","392.8","2636","1011000","443","0.240476","103900","850000","0.0043","12","20","8","16","20","0","Yellow119_December_20_2013_29765924.wav","comments"
"194","-","71.8367","2855.51",2927.3467,"36.4","648","54.3","-0.00081","-2.42","344.1","2676","1005000","368","1.21875","62300","478000","0.00549","12","20","8","16","20","0","Yellow119_December_20_2013_29765924.wav","comments"
"195","-","140.68","2944.31",3084.99,"39.6","735","45.5","-0.00097","-1.74","332.8","3031","951000","688","0.352348","47100","266000","0.00143","12","20","8","16","20","0","Yellow119_December_20_2013_29765924.wav","comments"
"196","-","84.8073","3107.94",3192.7473,"48","551","28","0.00056","-4.75","195.8","3065","2482000","903","1.26552","7900","180000","0.00409","12","20","8","16","20","0","Yellow119_December_20_2013_29765924.wav","comments"
"197","-","207.528","3193.74",3401.268,"41.4","1002","45.7","-0.00156","-2.84","212.6","3387","7287000","629","1.75703","22300","270000","0.00135","12","20","8","16","20","0","Yellow119_December_20_2013_29765924.wav","comments"
"198","-","53.8776","3878.19",3932.0676,"33.6","612","45","-0.00139","-1.65","336.2","2232","1142000","643","0.0722976","65800","811000","0.00566","12","20","8","16","20","0","Yellow119_December_20_2013_29765924.wav","comments"
"199","-","63.8549","3983.95",4047.8049,"34.1","565","27.9","0.00012","-1.93","545","2216","1016000","650","0.083751","177600","758000","0.00564","12","20","8","16","20","0","Yellow119_December_20_2013_29765924.wav","comments"
"200","-","57.8685","4135.6",4193.4685,"31.5","565","34.6","-0.00067","-2.76","347.2","2116","1126000","630","0.473315","71100","754000","0.00543","12","20","8","16","20","0","Yellow119_December_20_2013_29765924.wav","comments"
"201","-","99.7732","4224.4",4324.1732,"41","630","41.6","-0.00053","-2.16","368.7","2532","1109000","630","0.279205","107400","666000","0.00454","12","20","8","16","20","0","Yellow119_December_20_2013_29765924.wav","comments"
"202","-","78.8209","4340.14",4418.9609,"37.9","689","48.7","0.00023","-2.39","290.1","2691","1919000","563","0.898002","54900","961000","0.00558","12","20","8","16","20","0","Yellow119_December_20_2013_29765924.wav","comments"
"203","-","140.68","4434.92",4575.6,"40.6","711","42.7","-0.00108","-1.82","359.6","3088","961000","634","0.304205","65300","178000","0.00142","12","20","8","16","20","0","Yellow119_December_20_2013_29765924.wav","comments"
"204","-","85.805","4599.55",4685.355,"44.6","1002","29.8","-0.0002","-4.47","218.5","2960","2658000","913","1.44944","19600","188000","0.00364","12","20","8","16","20","0","Yellow119_December_20_2013_29765924.wav","comments"
"205","-","209.524","4687.35",4896.874,"42.3","918","45.5","-0.00142","-2.95","215.5","3428","8087000","720","1.95593","29200","344000","0.00095","12","20","8","16","20","0","Yellow119_December_20_2013_29765924.wav","comments"
"206","-","49.8866","7740.41",7790.2966,"29.3","580","37.7","-0.00175","-2.01","259.1","2131","690000","500","0.398574","48100","795000","0.00489","12","20","8","16","20","0","Yellow119_December_20_2013_29765924.wav","comments"
"207","-","58.8662","7834.19",7893.0562,"31.1","551","36.2","-0.00167","-2.84","296.9","2057","877000","707","0.534528","23200","807000","0.00543","12","20","8","16","20","0","Yellow119_December_20_2013_29765924.wav","comments"
"208","-","99.7732","7921",8020.7732,"41","595","39.1","-0.0004","-2.48","294.4","2476","1542000","718","0.391087","56800","676000","0.00484","12","20","8","16","20","0","Yellow119_December_20_2013_29765924.wav","comments"
"209","-","77.8231","8035.74",8113.5631,"39.4","630","50.2","0.00102","-2.58","264.4","2807","1746000","523","0.952912","29500","961000","0.00545","12","20","8","16","20","0","Yellow119_December_20_2013_29765924.wav","comments"
"210","-","148.662","8117.55",8266.212,"39.9","787","46.9","-0.001","-1.75","366.6","3271","2007000","582","0.224163","74800","47000","0.00209","12","20","8","16","20","0","Yellow119_December_20_2013_29765924.wav","comments"
"211","-","84.8073","8291.16",8375.9673,"44.2","1102","25.5","-0.00066","-4.32","198.2","3100","2062000","755","0.971006","11200","686000","0.0065","12","20","8","16","20","0","Yellow119_December_20_2013_29765924.wav","comments"
"212","-","206.531","8376.96",8583.491,"42.3","1225","46.3","-0.00126","-2.86","195.1","3357","7944000","673","1.81922","22200","282000","0.00121","12","20","8","16","20","0","Yellow119_December_20_2013_29765924.wav","comments"
"213","-","60.8617","8719.18",8780.0417,"32.6","551","30.2","-0.00089","-2.89","303.8","2027","548000","491","0.905028","25900","850000","0.00466","12","20","8","16","20","0","Yellow119_December_20_2013_29765924.wav","comments"
"214","-","98.7755","8805.99",8904.7655,"41.9","580","43.3","0.00029","-2.31","334.8","2584","1101000","605","0.287579","60800","704000","0.00489","12","20","8","16","20","0","Yellow119_December_20_2013_29765924.wav","comments"
"215","-","70.839","8928.71",8999.549,"39","689","49.7","0.00026","-2.54","302.5","2769","2265000","513","1.15406","51700","985000","0.0055","12","20","8","16","20","0","Yellow119_December_20_2013_29765924.wav","comments"
"216","-","142.676","9017.51",9160.186,"40.8","760","41.7","-0.00082","-1.92","368.6","2863","804000","656","0.208405","68300","226000","0.00191","12","20","8","16","20","0","Yellow119_December_20_2013_29765924.wav","comments"
"217","-","87.8005","9183.13",9270.9305,"45.1","558","25.1","0.00045","-4.69","152.4","2987","2095000","748","1.39173","5600","220000","0.00686","12","20","8","16","20","0","Yellow119_December_20_2013_29765924.wav","comments"
"218","-","206.531","9272.92",9479.451,"41.9","1102","47.4","-0.00231","-2.84","183.4","3332","7600000","646","1.74023","17800","282000","0.00097","12","20","8","16","20","0","Yellow119_December_20_2013_29765924.wav","comments"
"219","-","68.8435","10017.2",10086.0435,"35.2","648","35.2","-0.00045","-1.74","432.8","1933","1061000","815","0.103848","110600","910000","0.00626","12","20","8","16","20","0","Yellow119_December_20_2013_29765924.wav","comments"
"220","-","56.8707","10135",10191.8707,"33.7","595","28.2","0.00013","-1.89","516","2008","1136000","793","0.147341","154900","857000","0.00571","12","20","8","16","20","0","Yellow119_December_20_2013_29765924.wav","comments"
"221","-","58.8662","10272.7",10331.5662,"32.1","551","35.7","-0.0012","-2.95","250.7","2241","1823000","543","0.854375","30400","879000","0.00534","12","20","8","16","20","0","Yellow119_December_20_2013_29765924.wav","comments"
"222","-","103.764","10366.4",10470.164,"41.9","612","44.1","-0.00081","-2.25","341.1","2500","1077000","640","0.151711","73400","696000","0.00607","12","20","8","16","20","0","Yellow119_December_20_2013_29765924.wav","comments"
"223","-","77.8231","10481.2",10559.0231,"37.8","639","50.5","0.00061","-2.61","273.9","2405","1278000","576","0.878059","44600","697000","0.00644","12","20","8","16","20","0","Yellow119_December_20_2013_29765924.wav","comments"
"224","-","143.673","10575",10718.673,"42","787","45.1","-0.00116","-1.82","354.7","2899","1144000","631","0.434743","50700","718000","0.00133","12","20","8","16","20","0","Yellow119_December_20_2013_29765924.wav","comments"
"225","-","87.8005","10740.6",10828.4005,"46.2","668","27.6","0.00061","-4.5","200.5","3035","1746000","902","0.928169","11700","674000","0.00302","12","20","8","16","20","0","Yellow119_December_20_2013_29765924.wav","comments"
"226","-","207.528","10826.4",11033.928,"42.4","1225","46.1","-0.00178","-2.85","217.6","3344","7336000","761","1.78247","24000","344000","0.00121","12","20","8","16","20","0","Yellow119_December_20_2013_29765924.wav","comments"
"227","-","71.8367","12071.6",12143.4367,"36.7","658","33.4","-0.00053","-2.07","567.8","1955","867000","708","0.204409","182100","585000","0.006","12","20","8","16","40","0","Yellow119_December_20_2013_29779153.wav","comments"
"228","-","96.78","12267.1",12363.88,"43.3","668","26.6","-0.00014","-2.96","600.4","2373","788000","899","0.866494","142900","802000","0.00739","12","20","8","16","40","0","Yellow119_December_20_2013_29779153.wav","comments"
"229","-","63.8549","12441.7",12505.5549,"36.9","551","37.2","-0.00029","-2.83","364.7","2349","1120000","686","0.700806","71700","888000","0.00523","12","20","8","16","40","0","Yellow119_December_20_2013_29779153.wav","comments"
"230","-","103.764","12532.5",12636.264,"45","580","42.8","-0.00041","-2.05","425.3","2657","547000","658","0.287682","144400","852000","0.00715","12","20","8","16","40","0","Yellow119_December_20_2013_29779153.wav","comments"
"231","-","71.8367","12656.2",12728.0367,"44","630","59.4","0.00049","-2.53","550.3","3037","3176000","356","0.952126","155000","985000","0.00528","12","20","8","16","40","0","Yellow119_December_20_2013_29779153.wav","comments"
"232","-","136.689","12744",12880.689,"47.4","760","48.3","-0.00147","-1.4","441.1","3427","1664000","610","0.328267","104900","257000","0.00117","12","20","8","16","40","0","Yellow119_December_20_2013_29779153.wav","comments"
"233","-","87.8005","12904.7",12992.5005,"52.5","1102","25.9","-0.0003","-4.53","236.6","3087","2875000","800","0.515338","29800","197000","0.00244","12","20","8","16","40","0","Yellow119_December_20_2013_29779153.wav","comments"
"234","-","206.531","12990.5",13197.031,"49.6","1160","52.2","-0.0019","-2.61","287","3812","7753000","606","0.633889","39800","354000","0.00135","12","20","8","16","40","0","Yellow119_December_20_2013_29779153.wav","comments"
"235","-","47.8912","13650",13697.8912,"35.8","537","32.9","-0.00246","-2.72","479.3","2508","848000","669","0.605259","67800","913000","0.00391","12","20","8","16","40","0","Yellow119_December_20_2013_29779153.wav","comments"
"236","-","93.7868","13737.8",13831.5868,"45.4","612","44.4","-0.00083","-2.2","526.2","2824","1165000","660","0.227314","194100","695000","0.00652","12","20","8","16","40","0","Yellow119_December_20_2013_29779153.wav","comments"
"237","-","69.8413","13858.5",13928.3413,"43.6","678","57.4","-0.00025","-2.61","481.3","3102","2798000","532","0.689009","104500","955000","0.00558","12","20","8","16","40","0","Yellow119_December_20_2013_29779153.wav","comments"
"238","-","140.68","13946.3",14086.98,"45.7","760","50.2","-0.00065","-1.77","428.7","3355","1162000","586","0.513591","123800","273000","0.00194","12","20","8","16","40","0","Yellow119_December_20_2013_29779153.wav","comments"
"239","-","85.805","14114.9",14200.705,"51.4","1102","28.2","-0.00083","-4.64","224.5","3120","3054000","907","0.606606","30300","178000","0.00285","12","20","8","16","40","0","Yellow119_December_20_2013_29779153.wav","comments"
"240","-","207.528","14201.7",14409.228,"46.5","882","49.6","-0.00223","-3.02","288","3589","7837000","623","1.38215","43300","271000","0.00101","12","20","8","16","40","0","Yellow119_December_20_2013_29779153.wav","comments"
"241","-","105.76","18277.5",18383.26,"40.9","658","22.3","-0.00047","-2.69","630.7","2788","859000","569","0.622468","162300","701000","0.00769","12","20","8","16","40","0","Yellow119_December_20_2013_29779153.wav","comments"
"242","-","51.8821","18476",18527.8821,"35.9","565","35.3","-0.00063","-2.29","513.8","2584","914000","689","0.856352","103400","901000","0.0049","12","20","8","16","40","0","Yellow119_December_20_2013_29779153.wav","comments"
"243","-","96.78","18555.8",18652.58,"44.6","587","43.2","-0.00045","-2.18","384.2","2698","782000","536","0.21034","74400","718000","0.00479","12","20","8","16","40","0","Yellow119_December_20_2013_29779153.wav","comments"
"244","-","68.8435","18676.6",18745.4435,"40.7","630","51.3","-0.00169","-2.61","270.5","2682","796000","515","0.781063","28400","617000","0.00544","12","20","8","16","40","0","Yellow119_December_20_2013_29779153.wav","comments"
"245","-","134.694","18765.4",18900.094,"43.4","723","44.8","-0.00111","-1.78","330.3","3420","1061000","609","0.30292","54500","164000","0.00179","12","20","8","16","40","0","Yellow119_December_20_2013_29779153.wav","comments"
"246","-","82.8118","18925",19007.8118,"48","1102","28.4","-0.0008","-4.62","225.2","3081","2227000","935","0.885404","15600","182000","0.00487","12","20","8","16","40","0","Yellow119_December_20_2013_29779153.wav","comments"
"247","-","199.546","19011.8",19211.346,"43.5","1160","42.1","-0.00178","-3.13","197.1","3414","8871000","726","1.77124","22600","282000","0.0009","12","20","8","16","40","0","Yellow119_December_20_2013_29779153.wav","comments"
"248","-","50.8844","19474.7",19525.5844,"33.5","537","27.3","-0.00113","-2.83","458.2","2172","281000","406","0.437797","49700","755000","0.00469","12","20","8","16","40","0","Yellow119_December_20_2013_29779153.wav","comments"
"249","-","94.7846","19558.5",19653.2846,"43.4","580","37.9","-0.0007","-2.43","387.3","2685","889000","688","0.250459","94000","440000","0.00483","12","20","8","16","40","0","Yellow119_December_20_2013_29779153.wav","comments"
"250","-","65.8503","19684.3",19750.1503,"40.6","668","53.2","-0.00134","-2.53","410.3","2814","1292000","504","0.799384","86800","661000","0.00569","12","20","8","16","40","0","Yellow119_December_20_2013_29779153.wav","comments"
"251","-","135.692","19768.1",19903.792,"42.6","760","43.7","-0.00103","-1.76","339.5","3123","1078000","623","0.366936","72200","88000","0.00162","12","20","8","16","40","0","Yellow119_December_20_2013_29779153.wav","comments"
"252","-","85.805","19932.7",20018.505,"45.8","1102","26.8","-0.00105","-4.57","207.4","2993","2074000","886","0.685557","14300","214000","0.00261","12","20","8","16","40","0","Yellow119_December_20_2013_29779153.wav","comments"
"253","-","200.544","20023.5",20224.044,"44.6","1131","45.7","-0.00176","-2.95","216.2","3405","8187000","723","1.64956","27700","275000","0.0009","12","20","8","16","40","0","Yellow119_December_20_2013_29779153.wav","comments"
"254","-","105.76","3762.45",3868.21,"43.4","648","22.6","-0.00011","-2.54","687","3003","1446000","671","0.603397","158900","723000","0.00809","12","20","8","16","58","0","Yellow119_December_20_2013_29799624.wav","comments"
"255","-","57.8685","3977.96",4035.8285,"37","537","30","-0.00215","-2.43","524.5","2790","402000","564","0.437722","102700","928000","0.00589","12","20","8","16","58","0","Yellow119_December_20_2013_29799624.wav","comments"
"256","-","97.7778","4061.77",4159.5478,"44.5","595","47.2","-0.00109","-2.35","370.5","2787","1012000","582","0.318076","59400","697000","0.00458","12","20","8","16","58","0","Yellow119_December_20_2013_29799624.wav","comments"
"257","-","66.8481","4185.49",4252.3381,"41.9","630","51.1","-0.00189","-2.88","432.6","2839","1565000","449","0.852123","119300","584000","0.00492","12","20","8","16","58","0","Yellow119_December_20_2013_29799624.wav","comments"
"258","-","135.692","4269.3",4404.992,"44.5","760","40.9","-0.00096","-2.04","344.6","3102","1873000","643","0.233141","77500","82000","0.00141","12","20","8","16","58","0","Yellow119_December_20_2013_29799624.wav","comments"
"259","-","81.8141","4436.92",4518.7341,"44.9","1102","27.5","-0.00161","-4.44","227.9","3295","2176000","740","0.463968","13000","437000","0.00375","12","20","8","16","58","0","Yellow119_December_20_2013_29799624.wav","comments"
"260","-","201.542","4523.72",4725.262,"43.6","1225","45.6","-0.00221","-2.91","203.1","3489","8790000","687","1.50188","18700","268000","0.00079","12","20","8","16","58","0","Yellow119_December_20_2013_29799624.wav","comments"
"261","-","100.771","1465.67",1566.441,"42.7","668","21.7","-0.00067","-2.86","701.4","3065","745000","614","0.662208","196400","575000","0.00595","12","20","8","17","6","0","Yellow119_December_20_2013_29818694.wav","comments"
"262","-","55.873","1638.28",1694.153,"36.8","551","36.1","-0.00293","-3.09","369.3","2476","723000","743","1.01776","55300","777000","0.00481","12","20","8","17","6","0","Yellow119_December_20_2013_29818694.wav","comments"
"263","-","96.78","1721.09",1817.87,"44.6","595","41.1","-0.00107","-2.5","417.2","2938","515000","670","0.231328","82700","652000","0.00673","12","20","8","17","6","0","Yellow119_December_20_2013_29818694.wav","comments"
"264","-","67.8458","1841.81",1909.6558,"41.7","630","56.6","-0.00163","-2.64","359.3","2835","1276000","389","0.792581","89400","606000","0.00545","12","20","8","17","6","0","Yellow119_December_20_2013_29818694.wav","comments"
"265","-","134.694","1928.62",2063.314,"43.4","760","44.4","-0.00153","-1.86","324.7","3044","1186000","573","0.234709","46300","111000","0.00119","12","20","8","17","6","0","Yellow119_December_20_2013_29818694.wav","comments"
"266","-","83.8095","2092.24",2176.0495,"46.5","1102","26.6","-0.00101","-4.39","246.9","3115","2475000","615","0.49069","29400","807000","0.00301","12","20","8","17","6","0","Yellow119_December_20_2013_29818694.wav","comments"
"267","-","201.542","2178.05",2379.592,"45","1225","45","-0.00179","-3.17","217.9","3447","7840000","726","1.59495","23800","275000","0.0009","12","20","8","17","6","0","Yellow119_December_20_2013_29818694.wav","comments"
"268","-","49.8866","2508.3",2558.1866,"36.6","565","36.9","-0.0029","-3.31","278.9","2389","1043000","743","1.25246","16600","791000","0.00458","12","20","8","17","6","0","Yellow119_December_20_2013_29818694.wav","comments"
"269","-","93.7868","2592.11",2685.8968,"44.9","612","47.4","-0.00112","-2.37","437.8","2753","840000","608","0.19106","83600","815000","0.00684","12","20","8","17","6","0","Yellow119_December_20_2013_29818694.wav","comments"
"270","-","67.8458","2717.82",2785.6658,"42","648","59.1","-0.00146","-2.88","400.6","2886","1669000","364","1.05053","83200","597000","0.00537","12","20","8","17","6","0","Yellow119_December_20_2013_29818694.wav","comments"
"271","-","133.696","2803.63",2937.326,"43.6","711","45","-0.00104","-1.84","313.2","3074","1073000","572","0.21292","51900","97000","0.00127","12","20","8","17","6","0","Yellow119_December_20_2013_29818694.wav","comments"
"272","-","83.8095","2968.25",3052.0595,"45.2","1102","28.8","-0.00064","-4.48","236","2999","2157000","667","0.60966","17600","524000","0.00256","12","20","8","17","6","0","Yellow119_December_20_2013_29818694.wav","comments"
"273","-","203.537","3054.06",3257.597,"45.1","1002","49","-0.0015","-3.04","223.8","3541","8643000","667","1.65484","28400","272000","0.00108","12","20","8","17","6","0","Yellow119_December_20_2013_29818694.wav","comments"
"274","-","53.8776","3518",3571.8776,"35.5","551","36.8","-0.00236","-2.99","384.1","2473","916000","505","0.679269","68800","769000","0.00442","12","20","8","17","6","0","Yellow119_December_20_2013_29818694.wav","comments"
"275","-","92.7891","3605.8",3698.5891,"44.7","612","44.3","-0.00056","-2.49","365.7","2855","1284000","587","0.275587","79000","902000","0.00663","12","20","8","17","6","0","Yellow119_December_20_2013_29818694.wav","comments"
"276","-","66.8481","3726.53",3793.3781,"41.2","648","53.5","-0.00125","-2.78","416.9","2867","1795000","442","0.815013","117000","907000","0.00569","12","20","8","17","6","0","Yellow119_December_20_2013_29818694.wav","comments"
"277","-","135.692","3814.33",3950.022,"44.2","747","46.7","-0.00107","-1.91","346.6","3176","844000","584","0.295495","71000","149000","0.00164","12","20","8","17","6","0","Yellow119_December_20_2013_29818694.wav","comments"
"278","-","83.8095","3979.95",4063.7595,"47.5","1102","24.5","-0.00083","-4.65","211.7","3137","2502000","706","0.69226","15900","231000","0.0028","12","20","8","17","6","0","Yellow119_December_20_2013_29818694.wav","comments"
"279","-","203.537","4067.76",4271.297,"44.8","1225","45","-0.00172","-3.13","188.9","3473","8368000","721","1.63155","20300","270000","0.00108","12","20","8","17","6","0","Yellow119_December_20_2013_29818694.wav","comments"
"280","-","51.8821","2128.16",2180.0421,"37.7","580","39.5","-0.00249","-3.04","321.2","2492","1205000","561","0.833932","72700","764000","0.0045","12","20","8","17","16","0","Yellow119_December_20_2013_29828574.wav","comments"
"281","-","59.8639","2231.93",2291.7939,"37.8","565","29.4","-0.00207","-3","414.9","2430","1382000","557","0.743925","62500","830000","0.00593","12","20","8","17","16","0","Yellow119_December_20_2013_29828574.wav","comments"
"282","-","95.7823","2317.73",2413.5123,"44.2","580","40.9","-0.00112","-2.2","338.2","2758","1120000","720","0.276076","49700","736000","0.00505","12","20","8","17","16","0","Yellow119_December_20_2013_29828574.wav","comments"
"283","-","73.8322","2435.46",2509.2922,"40.8","689","47.6","-0.00207","-2.67","309.5","2773","1401000","449","0.576997","41200","534000","0.00561","12","20","8","17","16","0","Yellow119_December_20_2013_29828574.wav","comments"
"284","-","133.696","2526.26",2659.956,"43.7","760","44.9","-0.00128","-2","387.1","2982","1369000","720","0.265518","70200","75000","0.00128","12","20","8","17","16","0","Yellow119_December_20_2013_29828574.wav","comments"
"285","-","85.805","2685.9",2771.705,"48.1","1102","29.6","-0.0001","-4.53","261.6","3121","2198000","861","0.492409","25600","785000","0.005","12","20","8","17","16","0","Yellow119_December_20_2013_29828574.wav","comments"
"286","-","198.549","2775.69",2974.239,"44.4","1225","45.4","-0.00152","-3.06","213.6","3525","8289000","655","1.58824","25400","267000","0.00111","12","20","8","17","16","0","Yellow119_December_20_2013_29828574.wav","comments"
"287","-","49.8866","3169.8",3219.6866,"35.1","512","33.3","-0.0023","-3.23","373.7","2299","1018000","503","0.472038","50900","791000","0.00458","12","20","8","17","16","0","Yellow119_December_20_2013_29828574.wav","comments"
"288","-","91.7914","3253.61",3345.4014,"45.1","612","42","-0.0007","-2.34","410.4","2784","1053000","566","0.125546","95500","659000","0.00494","12","20","8","17","16","0","Yellow119_December_20_2013_29828574.wav","comments"
"289","-","66.8481","3376.33",3443.1781,"43","630","57.9","-0.00168","-2.76","328.6","2793","1038000","530","0.815746","38400","430000","0.00553","12","20","8","17","16","0","Yellow119_December_20_2013_29828574.wav","comments"
"290","-","133.696","3464.13",3597.826,"44.1","735","43.8","-0.00115","-1.91","331.4","3026","1060000","645","0.401428","48700","75000","0.00181","12","20","8","17","16","0","Yellow119_December_20_2013_29828574.wav","comments"
"291","-","79.8186","3631.75",3711.5686,"47.2","1102","27.3","-0.00099","-4.49","253.7","3164","2747000","700","0.661044","23400","189000","0.00291","12","20","8","17","16","0","Yellow119_December_20_2013_29828574.wav","comments"
"292","-","201.542","3716.55",3918.092,"45.2","1105","41.7","-0.00195","-3.15","199.5","3392","7826000","722","1.52717","15500","275000","0.00085","12","20","8","17","16","0","Yellow119_December_20_2013_29828574.wav","comments"
"293","-","102.766","473.923",576.689,"40","630","21.7","-0.00067","-2.87","589.1","2513","974000","496","0.614295","137400","940000","0.00425","12","20","8","17","26","0","Yellow119_December_20_2013_29836554.wav","comments"
"294","-","46.8934","691.429",738.3224,"34.4","572","31.7","-0.00273","-3.15","336.6","2207","1479000","551","0.330108","41900","869000","0.005","12","20","8","17","26","0","Yellow119_December_20_2013_29836554.wav","comments"
"295","-","48.8889","833.107",881.9959,"33.4","525","25.6","-0.00183","-2.83","348.1","2267","449000","485","0.250082","30300","808000","0.00489","12","20","8","17","26","0","Yellow119_December_20_2013_29836554.wav","comments"
"296","-","89.7959","913.923",1003.7189,"43.9","595","46.8","-0.00066","-2.5","388.2","2864","611000","519","0.206342","72800","730000","0.00471","12","20","8","17","26","0","Yellow119_December_20_2013_29836554.wav","comments"
"297","-","72.8345","1032.65",1105.4845,"42","668","56.6","-0.00146","-2.42","444.3","3142","1245000","432","1.03517","141000","464000","0.00464","12","20","8","17","26","0","Yellow119_December_20_2013_29836554.wav","comments"
"298","-","136.689","1121.45",1258.139,"43.1","735","44.6","-0.00137","-1.87","375","3321","1118000","579","0.182875","82900","214000","0.00133","12","20","8","17","26","0","Yellow119_December_20_2013_29836554.wav","comments"
"299","-","77.8231","1285.08",1362.9031,"47.3","1102","27.3","-0.00107","-4.53","205.2","3259","2439000","571","0.573207","11800","250000","0.00355","12","20","8","17","26","0","Yellow119_December_20_2013_29836554.wav","comments"
"300","-","193.56","1369.89",1563.45,"43.8","1002","47","-0.00171","-3.09","185","3388","7457000","667","1.62517","15300","274000","0.00103","12","20","8","17","26","0","Yellow119_December_20_2013_29836554.wav","comments"
"301","-","52.8798","1667.21",1720.0898,"35.9","551","31.3","-0.00254","-2.86","455","2423","758000","544","0.493369","95400","666000","0.00509","12","20","8","17","26","0","Yellow119_December_20_2013_29836554.wav","comments"
"302","-","92.7891","1753.02",1845.8091,"44.6","603","41.4","-0.00102","-2.47","388.6","2746","1345000","588","0.13383","76500","760000","0.00489","12","20","8","17","26","0","Yellow119_December_20_2013_29836554.wav","comments"
"303","-","70.839","1877.73",1948.569,"42","648","55.6","-0.00148","-2.58","356.2","2951","1582000","448","0.826689","54300","579000","0.00492","12","20","8","17","26","0","Yellow119_December_20_2013_29836554.wav","comments"
"304","-","135.692","1963.54",2099.232,"43.5","760","45.3","-0.001","-1.96","379.6","3148","1155000","599","0.221747","86100","155000","0.00177","12","20","8","17","26","0","Yellow119_December_20_2013_29836554.wav","comments"
"305","-","78.8209","2130.16",2208.9809,"46.3","1102","25.7","-0.00129","-4.57","205.7","3096","2799000","689","0.595421","12500","194000","0.00272","12","20","8","17","26","0","Yellow119_December_20_2013_29836554.wav","comments"
"306","-","201.542","2217.96",2419.502,"44.4","920","42.5","-0.00162","-2.99","203.2","3353","7513000","742","1.78392","22800","259000","0.00125","12","20","8","17","26","0","Yellow119_December_20_2013_29836554.wav","comments"
"307","-","46.8934","2862.49",2909.3834,"34.6","551","33.7","-0.00259","-2.96","340","2363","1006000","449","0.338781","65200","844000","0.00488","12","20","8","17","26","0","Yellow119_December_20_2013_29836554.wav","comments"
"308","-","91.7914","2950.29",3042.0814,"44.9","612","40.5","-0.0007","-2.56","404.3","2800","718000","630","0.252665","90500","722000","0.00677","12","20","8","17","26","0","Yellow119_December_20_2013_29836554.wav","comments"
"309","-","69.8413","3068.03",3137.8713,"43","612","49.1","-0.00152","-2.8","388.5","2908","1077000","483","0.817485","85700","617000","0.00544","12","20","8","17","26","0","Yellow119_December_20_2013_29836554.wav","comments"
"310","-","135.692","3155.83",3291.522,"43.5","787","42.9","-0.00067","-1.8","295","3231","1373000","680","0.224838","46400","133000","0.00185","12","20","8","17","26","0","Yellow119_December_20_2013_29836554.wav","comments"
"311","-","81.8141","3318.46",3400.2741,"46.6","1102","25.9","-0.00094","-4.55","236.6","3066","2175000","803","0.442645","14800","224000","0.00287","12","20","8","17","26","0","Yellow119_December_20_2013_29836554.wav","comments"
"312","-","200.544","3406.26",3606.804,"44.5","1225","43.2","-0.00199","-3.04","194","3456","8198000","632","1.72707","20200","266000","0.00095","12","20","8","17","26","0","Yellow119_December_20_2013_29836554.wav","comments"
"313","-","49.8866","3720.54",3770.4266,"35.8","544","40.2","-0.00311","-3.27","290.3","2461","1431000","582","0.68937","37700","833000","0.00479","12","20","8","17","26","0","Yellow119_December_20_2013_29836554.wav","comments"
"314","-","93.7868","3802.36",3896.1468,"45","565","42.1","-0.00052","-2.59","395.9","2818","673000","694","0.20308","93400","445000","0.00695","12","20","8","17","26","0","Yellow119_December_20_2013_29836554.wav","comments"
"315","-","69.8413","3926.08",3995.9213,"41.3","648","49.2","-0.00168","-2.67","350.2","2820","1519000","582","0.930746","46500","588000","0.00514","12","20","8","17","26","0","Yellow119_December_20_2013_29836554.wav","comments"
"316","-","134.694","4013.88",4148.574,"43.8","760","45.2","-0.00124","-1.92","359.1","3006","1332000","543","0.267722","71600","82000","0.00164","12","20","8","17","26","0","Yellow119_December_20_2013_29836554.wav","comments"
"317","-","79.8186","4181.5",4261.3186,"46.8","1102","25","-0.00128","-4.45","245.3","3192","2520000","738","0.479251","14600","602000","0.0023","12","20","8","17","26","0","Yellow119_December_20_2013_29836554.wav","comments"
"318","-","202.54","4265.31",4467.85,"44.3","1160","45.1","-0.00193","-3.01","204.6","3484","8033000","657","1.63668","17200","348000","0.00104","12","20","8","17","26","0","Yellow119_December_20_2013_29836554.wav","comments"
"319","-","65.8503","4862.95",4928.8003,"40","595","35.5","-0.00113","-1.69","612.6","2353","1429000","639","0.0838961","226600","907000","0.00615","12","20","8","17","26","0","Yellow119_December_20_2013_29836554.wav","comments"
"320","-","54.8753","5017.6",5072.4753,"36.6","525","38.2","-0.00239","-2.92","442.6","2473","1262000","594","0.672811","114200","641000","0.00452","12","20","8","17","26","0","Yellow119_December_20_2013_29836554.wav","comments"
"321","-","95.7823","5104.4",5200.1823,"44.6","648","45.1","-0.00151","-2.52","414.6","2726","784000","602","0.293122","97900","694000","0.00473","12","20","8","17","26","0","Yellow119_December_20_2013_29836554.wav","comments"
"322","-","68.8435","5228.12",5296.9635,"41.9","668","51.3","-0.00184","-2.62","368.5","2934","1650000","350","1.02731","72900","602000","0.00558","12","20","8","17","26","0","Yellow119_December_20_2013_29836554.wav","comments"
"323","-","135.692","5316.92",5452.612,"43","735","43.6","-0.00082","-2","397.2","3055","1072000","666","0.171758","105600","149000","0.00186","12","20","8","17","26","0","Yellow119_December_20_2013_29836554.wav","comments"
"324","-","83.8095","5483.54",5567.3495,"45.5","1050","25.1","-0.00024","-4.56","204.6","3108","2085000","736","0.75549","11900","804000","0.00304","12","20","8","17","26","0","Yellow119_December_20_2013_29836554.wav","comments"
"325","-","203.537","5568.34",5771.877,"45.1","1225","43.4","-0.00212","-3.14","214.3","3536","8096000","723","1.65878","25700","270000","0.00093","12","20","8","17","26","0","Yellow119_December_20_2013_29836554.wav","comments"
"326","-","97.7778","6593.02",6690.7978,"41.2","648","21.4","-0.00121","-2.84","733","2352","1098000","821","0.365587","139300","947000","0.0076","12","20","8","17","26","0","Yellow119_December_20_2013_29836554.wav","comments"
"327","-","52.8798","6779.59",6832.4698,"35.7","558","33.4","-0.00219","-3.16","344.4","2354","699000","657","0.534781","45900","769000","0.00519","12","20","8","17","26","0","Yellow119_December_20_2013_29836554.wav","comments"
"328","-","92.7891","6867.39",6960.1791,"45.1","630","46.4","-0.00047","-2.47","441.8","2830","819000","615","0.172638","109300","315000","0.005","12","20","8","17","26","0","Yellow119_December_20_2013_29836554.wav","comments"
"329","-","67.8458","6989.12",7056.9658,"41.8","648","56.7","-0.00179","-2.72","429.5","2979","1132000","343","0.773403","78800","597000","0.00552","12","20","8","17","26","0","Yellow119_December_20_2013_29836554.wav","comments"
"330","-","134.694","7077.91",7212.604,"43.8","760","43.8","-0.00096","-1.94","325.9","3127","1085000","564","0.232946","50900","187000","0.00165","12","20","8","17","26","0","Yellow119_December_20_2013_29836554.wav","comments"
"331","-","81.8141","7240.54",7322.3541,"46.1","1102","27.5","-0.00084","-4.45","235.5","3119","2620000","714","0.448699","21300","737000","0.00275","12","20","8","17","26","0","Yellow119_December_20_2013_29836554.wav","comments"
"332","-","203.537","7328.34",7531.877,"44.2","1160","42.3","-0.00175","-2.97","198.3","3410","7983000","722","1.67711","19900","266000","0.00113","12","20","8","17","26","0","Yellow119_December_20_2013_29836554.wav","comments"
